{"cameraMode":{"drawMode":0,"name":"Shaded","section":"Shading Mode"},"sceneLighting":true,"audioPlay":false,"sceneViewState":{"showFog":true,"showMaterialUpdate":false,"showSkybox":true,"showFlares":true,"showImageEffects":true,"showParticleSystems":true},"in2DMode":false,"pivot":{"x":18.610713958740236,"y":-57.85066223144531,"z":-3.41741943359375},"rotation":{"x":-0.004299422260373831,"y":0.9453778266906738,"z":-0.32572808861732485,"w":-0.012478717602789402},"size":116.3398208618164,"orthographic":false}